src,tgt,dep_model,gnn_model,ml_model,top_seed,top_f1_mean,top_f1_std,all_f1_mean,all_f1_std
en,en,stanza,rgcn,mbert-base,"[15123, 98109, 15232]",85.73,0.8,85.03,1.12
en,en,stanza,rgat,mbert-base,"[98109, 98105, 15123]",85.23,1.35,84.28,1.67
en,en,trankit,rgcn,mbert-base,"[11737, 98105, 98109]",84.29,0.39,82.95,1.77
en,en,trankit,rgat,mbert-base,"[11737, 98109, 15232]",85.53,1.28,84.42,1.71
en,en,None,None,mbert-base,"[98105, 15123, 15232]",84.28,0.69,83.67,0.92
en,en,stanza,rgcn,xlmr-base,"[98105, 15232, 98109]",83.74,0.61,81.82,2.42
en,en,stanza,rgat,xlmr-base,"[15123, 98105, 15232]",84.03,0.85,82.73,1.99
en,en,trankit,rgcn,xlmr-base,"[11737, 98109, 15232]",83.79,0.51,82.77,1.49
en,en,trankit,rgat,xlmr-base,"[98105, 11737, 15123]",82.61,0.83,81.99,1.02
en,en,None,None,xlmr-base,"[11737, 98109, 15232]",83.95,1.11,80.88,5.34
en,es,stanza,rgcn,mbert-base,"[98109, 98105, 15123]",79.61,0.79,79.12,0.86
en,es,stanza,rgat,mbert-base,"[15123, 98105, 15232]",80.34,0.35,79.27,1.78
en,es,trankit,rgcn,mbert-base,"[98105, 11737, 98109]",80.13,0.42,79.16,1.37
en,es,trankit,rgat,mbert-base,"[15232, 98109, 11737]",80.79,0.26,80.08,0.9
en,es,None,None,mbert-base,"[15232, 98109, 11737]",80.4,0.24,79.9,0.73
en,es,stanza,rgcn,xlmr-base,"[98109, 15123, 15232]",74.41,1.28,73.02,1.97
en,es,stanza,rgat,xlmr-base,"[15232, 98109, 15123]",73.11,0.67,72.08,1.37
en,es,trankit,rgcn,xlmr-base,"[98109, 11737, 15232]",74.44,1.49,72.98,2.16
en,es,trankit,rgat,xlmr-base,"[98105, 15232, 98109]",74.9,0.74,73.17,2.24
en,es,None,None,xlmr-base,"[98109, 11737, 15232]",73.13,1.82,70.69,3.65
en,fr,stanza,rgcn,mbert-base,"[98109, 98105, 15123]",80.88,1.39,79.63,1.88
en,fr,stanza,rgat,mbert-base,"[98105, 11737, 15123]",80.26,0.2,79.66,0.88
en,fr,trankit,rgcn,mbert-base,"[15232, 11737, 98105]",80.75,0.47,80.0,1.18
en,fr,trankit,rgat,mbert-base,"[11737, 98105, 15123]",80.7,0.18,79.54,1.43
en,fr,None,None,mbert-base,"[98109, 15232, 11737]",80.73,0.42,79.74,1.26
en,fr,stanza,rgcn,xlmr-base,"[11737, 15232, 98109]",72.71,0.51,71.44,2.04
en,fr,stanza,rgat,xlmr-base,"[15232, 98105, 11737]",72.75,1.38,70.89,2.82
en,fr,trankit,rgcn,xlmr-base,"[98109, 15232, 98105]",72.02,1.83,71.17,1.77
en,fr,trankit,rgat,xlmr-base,"[98105, 11737, 15232]",70.34,0.12,69.77,0.71
en,fr,None,None,xlmr-base,"[98109, 11737, 98105]",72.77,2.83,70.38,3.79
en,it,stanza,rgcn,mbert-base,"[11737, 98109, 15232]",76.18,1.0,75.21,1.45
en,it,stanza,rgat,mbert-base,"[98105, 11737, 15232]",74.79,1.19,73.74,1.6
en,it,trankit,rgcn,mbert-base,"[11737, 15123, 15232]",73.76,0.22,72.93,1.37
en,it,trankit,rgat,mbert-base,"[15232, 11737, 98109]",74.42,1.75,73.65,1.66
en,it,None,None,mbert-base,"[15123, 15232, 11737]",77.35,1.31,75.3,2.88
en,it,stanza,rgcn,xlmr-base,"[98109, 15123, 15232]",67.39,1.29,64.96,3.79
en,it,stanza,rgat,xlmr-base,"[15232, 98109, 15123]",66.5,3.55,63.92,4.22
en,it,trankit,rgcn,xlmr-base,"[98109, 98105, 11737]",65.39,2.17,63.4,3.02
en,it,trankit,rgat,xlmr-base,"[15232, 15123, 98105]",62.42,1.62,60.98,2.16
en,it,None,None,xlmr-base,"[11737, 15232, 98109]",64.17,3.72,61.47,4.68
en,de,stanza,rgcn,mbert-base,"[98105, 98109, 15123]",80.17,0.49,79.26,1.38
en,de,stanza,rgat,mbert-base,"[11737, 98105, 98109]",79.49,0.3,79.05,0.69
en,de,trankit,rgcn,mbert-base,"[98105, 11737, 15123]",79.32,0.68,78.91,0.73
en,de,trankit,rgat,mbert-base,"[98109, 11737, 15232]",79.0,0.69,78.41,0.91
en,de,None,None,mbert-base,"[11737, 15123, 98109]",78.76,0.95,77.56,1.64
en,de,stanza,rgcn,xlmr-base,"[98109, 11737, 15123]",74.61,0.69,72.88,3.12
en,de,stanza,rgat,xlmr-base,"[98109, 98105, 15232]",71.1,1.03,69.33,2.37
en,de,trankit,rgcn,xlmr-base,"[98109, 15232, 11737]",71.5,1.64,70.37,1.89
en,de,trankit,rgat,xlmr-base,"[15123, 98109, 98105]",73.94,0.42,72.85,1.38
en,de,None,None,xlmr-base,"[11737, 98105, 98109]",75.57,1.68,73.66,2.75
en,ar,stanza,rgcn,mbert-base,"[98109, 98105, 15232]",74.43,0.88,73.15,1.79
en,ar,stanza,rgat,mbert-base,"[15123, 98109, 15232]",74.11,0.94,72.93,1.65
en,ar,trankit,rgcn,mbert-base,"[98109, 11737, 15232]",73.79,1.79,71.44,3.3
en,ar,trankit,rgat,mbert-base,"[98109, 15232, 15123]",74.55,0.68,73.19,1.88
en,ar,None,None,mbert-base,"[15123, 11737, 98105]",72.69,0.79,71.59,1.5
en,ar,stanza,rgcn,xlmr-base,"[11737, 15232, 15123]",63.22,1.52,61.32,3.25
en,ar,stanza,rgat,xlmr-base,"[98109, 98105, 15232]",59.61,2.71,56.83,4.29
en,ar,trankit,rgcn,xlmr-base,"[98105, 15232, 11737]",62.63,1.76,60.91,3.09
en,ar,trankit,rgat,xlmr-base,"[15123, 98109, 11737]",61.46,1.72,60.07,2.22
en,ar,None,None,xlmr-base,"[11737, 98105, 98109]",61.74,1.82,60.56,2.08
en,zh,stanza,rgcn,mbert-base,"[98109, 11737, 15123]",72.0,0.82,70.1,2.88
en,zh,stanza,rgat,mbert-base,"[98105, 11737, 15123]",72.25,0.36,71.61,0.87
en,zh,trankit,rgcn,mbert-base,"[11737, 98109, 15232]",69.47,0.61,68.08,2.38
en,zh,trankit,rgat,mbert-base,"[98105, 15123, 11737]",70.11,0.55,68.46,2.08
en,zh,None,None,mbert-base,"[15232, 11737, 15123]",70.37,0.61,69.68,1.0
en,zh,stanza,rgcn,xlmr-base,"[98105, 98109, 11737]",65.1,0.88,61.49,4.47
en,zh,stanza,rgat,xlmr-base,"[11737, 98105, 98109]",62.18,0.42,60.32,2.81
en,zh,trankit,rgcn,xlmr-base,"[11737, 98105, 15232]",64.61,1.28,63.15,2.19
en,zh,trankit,rgat,xlmr-base,"[98105, 98109, 15232]",66.45,1.69,62.43,6.02
en,zh,None,None,xlmr-base,"[15232, 98105, 98109]",64.42,1.03,63.23,1.71
es,en,stanza,rgcn,mbert-base,"[98109, 15232, 11737]",77.96,0.4,76.92,1.35
es,en,stanza,rgat,mbert-base,"[98105, 11737, 98109]",79.1,0.17,78.63,0.86
es,en,trankit,rgcn,mbert-base,"[98109, 98105, 11737]",79.31,0.93,78.47,1.26
es,en,trankit,rgat,mbert-base,"[98109, 11737, 15232]",79.98,1.08,78.72,1.78
es,en,None,None,mbert-base,"[98109, 15123, 15232]",77.59,0.07,76.88,0.87
es,en,stanza,rgcn,xlmr-base,"[98105, 15232, 98109]",73.4,2.16,72.39,2.13
es,en,stanza,rgat,xlmr-base,"[11737, 15232, 98105]",72.66,1.9,70.74,2.91
es,en,trankit,rgcn,xlmr-base,"[11737, 15232, 98105]",73.8,1.05,72.6,1.81
es,en,trankit,rgat,xlmr-base,"[11737, 98105, 15123]",71.37,1.17,70.08,1.97
es,en,None,None,xlmr-base,"[15123, 11737, 98109]",73.27,0.38,73.12,0.35
es,es,stanza,rgcn,mbert-base,"[98109, 11737, 15232]",80.53,0.99,79.51,1.52
es,es,stanza,rgat,mbert-base,"[15123, 98105, 98109]",82.19,0.6,80.78,1.91
es,es,trankit,rgcn,mbert-base,"[98105, 11737, 15123]",81.77,0.83,80.7,1.47
es,es,trankit,rgat,mbert-base,"[98109, 98105, 15123]",80.86,0.3,79.74,1.98
es,es,None,None,mbert-base,"[15232, 11737, 98105]",79.98,0.57,79.11,1.23
es,es,stanza,rgcn,xlmr-base,"[15123, 98105, 11737]",76.78,0.8,76.41,0.78
es,es,stanza,rgat,xlmr-base,"[11737, 15232, 15123]",77.54,1.41,76.34,1.85
es,es,trankit,rgcn,xlmr-base,"[11737, 98109, 98105]",76.37,1.12,75.61,1.37
es,es,trankit,rgat,xlmr-base,"[15123, 15232, 11737]",77.34,0.22,76.48,1.57
es,es,None,None,xlmr-base,"[15232, 15123, 11737]",77.18,1.99,76.06,2.06
es,fr,stanza,rgcn,mbert-base,"[15232, 11737, 98109]",82.61,0.79,81.06,2.18
es,fr,stanza,rgat,mbert-base,"[11737, 98105, 98109]",78.35,0.51,77.52,1.11
es,fr,trankit,rgcn,mbert-base,"[11737, 98109, 15232]",80.59,1.6,79.15,2.27
es,fr,trankit,rgat,mbert-base,"[98105, 98109, 11737]",78.71,0.49,78.18,0.8
es,fr,None,None,mbert-base,"[11737, 15123, 98105]",77.21,0.78,76.57,1.03
es,fr,stanza,rgcn,xlmr-base,"[98105, 15123, 15232]",75.12,0.31,74.13,1.26
es,fr,stanza,rgat,xlmr-base,"[11737, 15232, 15123]",75.24,1.03,74.37,1.46
es,fr,trankit,rgcn,xlmr-base,"[11737, 15123, 98109]",75.92,1.53,74.61,2.16
es,fr,trankit,rgat,xlmr-base,"[11737, 15232, 98109]",76.18,1.15,74.86,1.92
es,fr,None,None,xlmr-base,"[98109, 15123, 11737]",74.33,0.4,72.64,2.24
es,it,stanza,rgcn,mbert-base,"[98105, 98109, 15232]",77.58,1.37,75.94,2.58
es,it,stanza,rgat,mbert-base,"[15123, 11737, 15232]",77.36,1.29,76.29,1.71
es,it,trankit,rgcn,mbert-base,"[15123, 98109, 15232]",76.35,0.57,75.69,1.04
es,it,trankit,rgat,mbert-base,"[98109, 15123, 98105]",78.3,1.01,77.22,1.73
es,it,None,None,mbert-base,"[11737, 15123, 15232]",76.42,0.56,75.46,1.34
es,it,stanza,rgcn,xlmr-base,"[15232, 98109, 11737]",68.32,2.54,67.24,2.37
es,it,stanza,rgat,xlmr-base,"[15232, 98105, 11737]",69.29,1.62,66.89,3.33
es,it,trankit,rgcn,xlmr-base,"[11737, 98105, 15123]",69.81,1.83,68.17,2.57
es,it,trankit,rgat,xlmr-base,"[98109, 11737, 15123]",68.04,1.52,66.36,2.38
es,it,None,None,xlmr-base,"[15232, 11737, 15123]",70.08,1.36,68.0,2.77
es,de,stanza,rgcn,mbert-base,"[11737, 98109, 15232]",76.93,1.33,75.45,2.1
es,de,stanza,rgat,mbert-base,"[15232, 11737, 98109]",76.17,0.65,75.59,0.88
es,de,trankit,rgcn,mbert-base,"[11737, 15123, 98109]",77.12,1.02,76.15,1.54
es,de,trankit,rgat,mbert-base,"[98109, 98105, 11737]",77.67,0.83,76.35,1.97
es,de,None,None,mbert-base,"[98105, 98109, 15232]",75.9,0.68,74.71,1.59
es,de,stanza,rgcn,xlmr-base,"[15232, 11737, 98105]",67.33,0.56,66.41,1.36
es,de,stanza,rgat,xlmr-base,"[15232, 11737, 98105]",67.26,0.3,66.74,0.74
es,de,trankit,rgcn,xlmr-base,"[11737, 15232, 15123]",69.97,2.54,68.32,2.82
es,de,trankit,rgat,xlmr-base,"[98105, 15123, 15232]",68.66,2.03,66.98,2.62
es,de,None,None,xlmr-base,"[15123, 98109, 11737]",70.61,0.72,68.62,2.69
es,ar,stanza,rgcn,mbert-base,"[11737, 15232, 98109]",73.24,0.49,70.95,2.83
es,ar,stanza,rgat,mbert-base,"[11737, 98109, 98105]",73.54,0.92,72.24,1.76
es,ar,trankit,rgcn,mbert-base,"[11737, 98105, 15123]",73.3,0.35,72.3,1.25
es,ar,trankit,rgat,mbert-base,"[98109, 98105, 11737]",72.61,1.23,72.02,1.22
es,ar,None,None,mbert-base,"[98109, 98105, 11737]",70.87,1.65,69.79,1.84
es,ar,stanza,rgcn,xlmr-base,"[98105, 11737, 98109]",61.94,1.23,60.77,1.73
es,ar,stanza,rgat,xlmr-base,"[15232, 11737, 98105]",60.53,1.37,59.52,1.66
es,ar,trankit,rgcn,xlmr-base,"[15123, 11737, 15232]",64.27,2.11,62.24,3.53
es,ar,trankit,rgat,xlmr-base,"[98105, 11737, 15232]",60.01,0.89,58.68,1.89
es,ar,None,None,xlmr-base,"[98109, 11737, 15123]",63.22,3.12,60.53,4.28
es,zh,stanza,rgcn,mbert-base,"[98105, 11737, 98109]",69.17,0.62,68.52,0.99
es,zh,stanza,rgat,mbert-base,"[11737, 15232, 98105]",69.73,1.53,68.64,1.85
es,zh,trankit,rgcn,mbert-base,"[98105, 98109, 11737]",71.5,1.59,69.22,3.06
es,zh,trankit,rgat,mbert-base,"[98109, 11737, 15123]",71.2,2.64,69.26,3.31
es,zh,None,None,mbert-base,"[98109, 15123, 98105]",70.81,1.09,69.67,1.89
es,zh,stanza,rgcn,xlmr-base,"[98105, 98109, 15232]",62.44,1.4,60.62,2.54
es,zh,stanza,rgat,xlmr-base,"[15232, 11737, 98105]",62.84,1.8,60.7,3.17
es,zh,trankit,rgcn,xlmr-base,"[11737, 15123, 98105]",65.58,2.65,63.02,3.97
es,zh,trankit,rgat,xlmr-base,"[98105, 15232, 11737]",62.46,2.33,60.65,2.98
es,zh,None,None,xlmr-base,"[98109, 15123, 11737]",65.85,1.88,64.46,2.28
fr,en,stanza,rgcn,mbert-base,"[98109, 15232, 11737]",76.56,0.33,76.0,0.87
fr,en,stanza,rgat,mbert-base,"[98105, 15232, 98109]",80.01,0.72,78.46,1.99
fr,en,trankit,rgcn,mbert-base,"[98109, 98105, 15232]",78.6,0.25,77.85,0.95
fr,en,trankit,rgat,mbert-base,"[98109, 98105, 11737]",80.14,0.77,78.21,2.48
fr,en,None,None,mbert-base,"[11737, 98109, 15123]",76.59,2.95,74.27,3.69
fr,en,stanza,rgcn,xlmr-base,"[98105, 15123, 98109]",74.29,1.72,71.29,3.91
fr,en,stanza,rgat,xlmr-base,"[98109, 15232, 11737]",70.1,1.49,68.52,2.29
fr,en,trankit,rgcn,xlmr-base,"[15123, 15232, 98109]",70.03,0.25,68.47,1.97
fr,en,trankit,rgat,xlmr-base,"[11737, 15123, 15232]",71.81,1.26,70.75,1.75
fr,en,None,None,xlmr-base,"[11737, 15123, 98105]",71.13,0.94,68.44,3.53
fr,es,stanza,rgcn,mbert-base,"[98109, 11737, 15232]",82.06,1.05,81.4,1.19
fr,es,stanza,rgat,mbert-base,"[15232, 98105, 11737]",82.14,0.94,80.69,1.94
fr,es,trankit,rgcn,mbert-base,"[11737, 15232, 98105]",83.31,1.59,82.26,1.79
fr,es,trankit,rgat,mbert-base,"[11737, 98105, 15232]",79.73,2.05,78.44,2.24
fr,es,None,None,mbert-base,"[11737, 98105, 15123]",80.42,1.34,79.05,1.99
fr,es,stanza,rgcn,xlmr-base,"[15123, 11737, 15232]",74.06,1.07,73.56,1.03
fr,es,stanza,rgat,xlmr-base,"[15232, 98109, 11737]",73.89,1.34,72.79,1.84
fr,es,trankit,rgcn,xlmr-base,"[15123, 15232, 98105]",74.42,0.49,73.58,1.16
fr,es,trankit,rgat,xlmr-base,"[15232, 98109, 15123]",75.96,0.66,74.83,1.55
fr,es,None,None,xlmr-base,"[11737, 98109, 98105]",75.03,0.57,74.61,0.76
fr,fr,stanza,rgcn,mbert-base,"[15232, 98109, 15123]",79.65,1.04,78.29,1.85
fr,fr,stanza,rgat,mbert-base,"[15232, 98109, 11737]",79.9,0.35,79.2,1.15
fr,fr,trankit,rgcn,mbert-base,"[98109, 11737, 98105]",80.75,0.77,80.13,1.02
fr,fr,trankit,rgat,mbert-base,"[98105, 98109, 11737]",80.2,0.18,79.28,1.44
fr,fr,None,None,mbert-base,"[98109, 11737, 15123]",78.64,0.33,78.31,0.49
fr,fr,stanza,rgcn,xlmr-base,"[11737, 98105, 15123]",76.68,0.87,75.67,1.63
fr,fr,stanza,rgat,xlmr-base,"[98109, 15123, 11737]",74.43,0.94,73.57,1.46
fr,fr,trankit,rgcn,xlmr-base,"[15123, 15232, 98109]",74.7,1.02,73.93,1.23
fr,fr,trankit,rgat,xlmr-base,"[98109, 15232, 11737]",75.03,0.26,74.28,1.1
fr,fr,None,None,xlmr-base,"[11737, 15123, 98105]",76.25,1.01,75.26,1.51
fr,it,stanza,rgcn,mbert-base,"[11737, 15232, 15123]",77.68,0.67,76.85,1.25
fr,it,stanza,rgat,mbert-base,"[11737, 98105, 98109]",76.99,1.01,76.01,1.53
fr,it,trankit,rgcn,mbert-base,"[15232, 15123, 98109]",78.72,1.13,77.28,2.16
fr,it,trankit,rgat,mbert-base,"[98105, 11737, 98109]",76.57,1.54,75.1,2.38
fr,it,None,None,mbert-base,"[11737, 15123, 98109]",76.91,1.99,75.67,2.28
fr,it,stanza,rgcn,xlmr-base,"[15123, 11737, 98109]",69.74,0.61,68.06,2.19
fr,it,stanza,rgat,xlmr-base,"[15232, 98109, 15123]",67.04,1.47,65.75,1.99
fr,it,trankit,rgcn,xlmr-base,"[11737, 15232, 15123]",68.43,0.71,66.51,2.42
fr,it,trankit,rgat,xlmr-base,"[15232, 98105, 11737]",68.16,0.76,66.78,1.83
fr,it,None,None,xlmr-base,"[15123, 98105, 98109]",68.91,0.58,67.88,1.39
fr,de,stanza,rgcn,mbert-base,"[11737, 15123, 15232]",76.63,0.23,75.45,1.48
fr,de,stanza,rgat,mbert-base,"[15232, 98109, 11737]",77.51,1.47,75.87,2.32
fr,de,trankit,rgcn,mbert-base,"[98109, 98105, 15123]",78.76,2.51,77.01,2.9
fr,de,trankit,rgat,mbert-base,"[11737, 98109, 98105]",77.37,0.14,76.67,1.07
fr,de,None,None,mbert-base,"[11737, 15232, 15123]",74.79,1.63,73.75,1.8
fr,de,stanza,rgcn,xlmr-base,"[15123, 98105, 98109]",72.19,1.35,69.77,3.14
fr,de,stanza,rgat,xlmr-base,"[15232, 98109, 98105]",66.24,0.96,64.63,2.11
fr,de,trankit,rgcn,xlmr-base,"[98109, 15123, 11737]",66.43,0.67,65.01,2.46
fr,de,trankit,rgat,xlmr-base,"[15232, 15123, 98109]",70.61,1.01,69.14,2.0
fr,de,None,None,xlmr-base,"[11737, 15232, 15123]",68.48,1.33,67.48,1.65
fr,ar,stanza,rgcn,mbert-base,"[15232, 11737, 15123]",70.44,0.78,68.97,2.24
fr,ar,stanza,rgat,mbert-base,"[98105, 15232, 11737]",71.46,0.99,70.12,1.89
fr,ar,trankit,rgcn,mbert-base,"[11737, 98109, 15123]",72.39,0.47,71.31,1.52
fr,ar,trankit,rgat,mbert-base,"[11737, 98105, 98109]",70.93,0.83,69.09,2.42
fr,ar,None,None,mbert-base,"[11737, 15123, 98109]",70.22,1.13,68.52,2.76
fr,ar,stanza,rgcn,xlmr-base,"[15232, 98105, 15123]",58.71,0.64,57.76,1.4
fr,ar,stanza,rgat,xlmr-base,"[98105, 15232, 11737]",59.01,0.93,58.03,1.53
fr,ar,trankit,rgcn,xlmr-base,"[11737, 98105, 15232]",58.9,2.22,57.89,2.12
fr,ar,trankit,rgat,xlmr-base,"[11737, 15232, 98109]",61.53,1.22,59.83,2.3
fr,ar,None,None,xlmr-base,"[98109, 98105, 15123]",61.54,1.18,60.25,1.83
fr,zh,stanza,rgcn,mbert-base,"[98109, 15123, 15232]",66.81,0.86,66.28,0.97
fr,zh,stanza,rgat,mbert-base,"[15232, 98105, 11737]",67.55,1.24,65.9,2.31
fr,zh,trankit,rgcn,mbert-base,"[15232, 98105, 11737]",69.71,0.65,68.63,1.66
fr,zh,trankit,rgat,mbert-base,"[11737, 98109, 98105]",68.41,0.46,67.2,1.83
fr,zh,None,None,mbert-base,"[11737, 98109, 98105]",66.38,2.55,64.07,3.46
fr,zh,stanza,rgcn,xlmr-base,"[15123, 15232, 11737]",62.9,2.7,60.9,3.27
fr,zh,stanza,rgat,xlmr-base,"[98105, 98109, 15232]",60.26,1.58,59.5,1.57
fr,zh,trankit,rgcn,xlmr-base,"[15123, 15232, 98109]",59.51,1.84,56.69,3.9
fr,zh,trankit,rgat,xlmr-base,"[15232, 98105, 11737]",59.92,1.29,59.28,1.27
fr,zh,None,None,xlmr-base,"[15123, 98109, 98105]",59.37,2.6,58.14,2.53
it,en,stanza,rgcn,mbert-base,"[11737, 98109, 15123]",78.99,0.55,77.76,1.58
it,en,stanza,rgat,mbert-base,"[11737, 98109, 98105]",76.71,0.87,75.12,2.52
it,en,trankit,rgcn,mbert-base,"[15232, 98109, 15123]",77.08,1.37,75.58,2.56
it,en,trankit,rgat,mbert-base,"[15123, 11737, 98109]",77.15,0.11,76.74,0.51
it,en,None,None,mbert-base,"[98105, 11737, 98109]",75.45,0.35,74.47,1.53
it,en,stanza,rgcn,xlmr-base,"[15123, 98109, 15232]",73.26,1.97,71.4,3.24
it,en,stanza,rgat,xlmr-base,"[98105, 98109, 15123]",74.88,1.01,73.46,2.1
it,en,trankit,rgcn,xlmr-base,"[15123, 98105, 98109]",73.31,1.15,72.5,1.43
it,en,trankit,rgat,xlmr-base,"[98109, 15232, 15123]",72.63,1.85,71.26,2.2
it,en,None,None,xlmr-base,"[15123, 15232, 11737]",71.22,1.14,69.92,1.82
it,es,stanza,rgcn,mbert-base,"[11737, 15232, 15123]",82.97,0.66,82.13,1.2
it,es,stanza,rgat,mbert-base,"[11737, 98105, 15232]",83.81,0.67,82.06,3.04
it,es,trankit,rgcn,mbert-base,"[15232, 15123, 98105]",82.32,0.31,81.98,0.52
it,es,trankit,rgat,mbert-base,"[98105, 15232, 98109]",82.53,0.37,81.64,1.24
it,es,None,None,mbert-base,"[11737, 15123, 15232]",83.07,0.45,81.55,2.04
it,es,stanza,rgcn,xlmr-base,"[11737, 98105, 98109]",76.15,0.81,75.4,1.13
it,es,stanza,rgat,xlmr-base,"[15123, 11737, 98109]",76.03,0.19,75.44,0.74
it,es,trankit,rgcn,xlmr-base,"[15123, 11737, 98105]",77.03,0.66,75.04,2.54
it,es,trankit,rgat,xlmr-base,"[15232, 98109, 98105]",78.67,0.48,77.03,2.33
it,es,None,None,xlmr-base,"[15232, 15123, 11737]",76.13,1.56,74.96,1.95
it,fr,stanza,rgcn,mbert-base,"[11737, 15123, 15232]",77.25,0.99,76.44,1.3
it,fr,stanza,rgat,mbert-base,"[11737, 98109, 15123]",77.47,0.5,77.08,0.63
it,fr,trankit,rgcn,mbert-base,"[15232, 98105, 15123]",77.18,0.64,76.55,1.0
it,fr,trankit,rgat,mbert-base,"[98109, 15232, 11737]",77.81,0.46,77.07,1.02
it,fr,None,None,mbert-base,"[11737, 98105, 15232]",77.67,1.11,75.76,2.52
it,fr,stanza,rgcn,xlmr-base,"[98109, 15123, 98105]",74.32,1.35,73.82,1.21
it,fr,stanza,rgat,xlmr-base,"[15123, 98109, 15232]",74.16,1.25,73.06,1.7
it,fr,trankit,rgcn,xlmr-base,"[11737, 98109, 98105]",74.75,1.58,73.73,1.76
it,fr,trankit,rgat,xlmr-base,"[15123, 15232, 98109]",76.63,0.24,73.93,3.34
it,fr,None,None,xlmr-base,"[15123, 15232, 98105]",72.17,0.85,70.74,2.24
it,it,stanza,rgcn,mbert-base,"[98105, 11737, 15232]",78.23,0.53,77.63,0.95
it,it,stanza,rgat,mbert-base,"[15232, 98109, 15123]",77.86,1.18,76.51,2.09
it,it,trankit,rgcn,mbert-base,"[15123, 98105, 15232]",78.85,0.71,78.11,1.09
it,it,trankit,rgat,mbert-base,"[11737, 98109, 15123]",77.29,0.82,76.26,1.57
it,it,None,None,mbert-base,"[11737, 98105, 15123]",76.32,0.84,74.74,2.54
it,it,stanza,rgcn,xlmr-base,"[15123, 98105, 98109]",73.26,0.68,71.92,1.83
it,it,stanza,rgat,xlmr-base,"[98109, 15123, 15232]",75.55,1.24,73.6,3.35
it,it,trankit,rgcn,xlmr-base,"[98109, 98105, 11737]",72.63,2.28,71.41,2.32
it,it,trankit,rgat,xlmr-base,"[98109, 15123, 15232]",73.96,1.72,72.03,2.83
it,it,None,None,xlmr-base,"[98105, 15123, 98109]",74.79,1.18,72.96,2.44
it,de,stanza,rgcn,mbert-base,"[11737, 15232, 15123]",74.7,1.43,73.36,2.19
it,de,stanza,rgat,mbert-base,"[98109, 98105, 11737]",75.69,1.51,74.32,2.09
it,de,trankit,rgcn,mbert-base,"[15232, 98109, 11737]",75.96,1.19,74.9,1.7
it,de,trankit,rgat,mbert-base,"[15232, 98109, 11737]",76.29,0.09,75.23,1.46
it,de,None,None,mbert-base,"[11737, 98105, 15232]",72.86,1.11,71.91,1.55
it,de,stanza,rgcn,xlmr-base,"[15123, 98105, 11737]",67.19,2.12,65.32,3.12
it,de,stanza,rgat,xlmr-base,"[11737, 15123, 98105]",68.91,0.25,68.23,0.91
it,de,trankit,rgcn,xlmr-base,"[15123, 98105, 11737]",69.99,1.66,68.08,2.67
it,de,trankit,rgat,xlmr-base,"[15232, 98109, 11737]",70.2,0.98,68.41,2.33
it,de,None,None,xlmr-base,"[15123, 11737, 98105]",68.17,1.73,66.57,2.67
it,ar,stanza,rgcn,mbert-base,"[11737, 98105, 15232]",70.77,0.33,69.88,1.37
it,ar,stanza,rgat,mbert-base,"[11737, 98105, 98109]",72.17,1.64,70.15,3.28
it,ar,trankit,rgcn,mbert-base,"[15123, 15232, 11737]",70.96,1.01,69.55,2.12
it,ar,trankit,rgat,mbert-base,"[11737, 15123, 15232]",71.66,1.0,71.13,1.01
it,ar,None,None,mbert-base,"[11737, 15232, 15123]",72.96,2.0,70.21,3.72
it,ar,stanza,rgcn,xlmr-base,"[15232, 15123, 98105]",61.79,0.34,60.16,2.04
it,ar,stanza,rgat,xlmr-base,"[98109, 15123, 98105]",62.21,0.12,61.6,1.03
it,ar,trankit,rgcn,xlmr-base,"[98105, 15123, 98109]",64.51,1.02,61.49,3.88
it,ar,trankit,rgat,xlmr-base,"[98109, 15232, 98105]",63.57,3.4,61.46,3.79
it,ar,None,None,xlmr-base,"[15123, 98105, 15232]",60.81,0.52,59.83,1.38
it,zh,stanza,rgcn,mbert-base,"[11737, 98105, 15123]",70.04,0.75,68.87,1.55
it,zh,stanza,rgat,mbert-base,"[98105, 98109, 11737]",70.48,0.36,67.55,4.14
it,zh,trankit,rgcn,mbert-base,"[15232, 15123, 98105]",69.23,1.93,67.86,2.25
it,zh,trankit,rgat,mbert-base,"[11737, 98109, 98105]",71.47,0.93,69.97,2.12
it,zh,None,None,mbert-base,"[11737, 15232, 15123]",70.8,1.03,67.76,4.22
it,zh,stanza,rgcn,xlmr-base,"[15123, 98109, 15232]",63.13,0.27,61.43,2.4
it,zh,stanza,rgat,xlmr-base,"[15123, 98109, 11737]",64.7,1.45,63.98,1.43
it,zh,trankit,rgcn,xlmr-base,"[98105, 11737, 98109]",64.67,1.04,62.39,3.2
it,zh,trankit,rgat,xlmr-base,"[98109, 15232, 11737]",64.63,1.45,62.3,3.09
it,zh,None,None,xlmr-base,"[15232, 15123, 11737]",62.0,1.67,60.74,2.02
de,en,stanza,rgcn,mbert-base,"[11737, 98105, 98109]",79.98,0.15,79.72,0.37
de,en,stanza,rgat,mbert-base,"[11737, 98109, 15123]",79.21,0.42,78.38,1.36
de,en,trankit,rgcn,mbert-base,"[15232, 11737, 98109]",79.66,0.28,79.06,0.83
de,en,trankit,rgat,mbert-base,"[15232, 11737, 98109]",80.69,0.73,80.13,0.95
de,en,None,None,mbert-base,"[15123, 11737, 98109]",80.4,1.05,79.51,1.45
de,en,stanza,rgcn,xlmr-base,"[15123, 98105, 98109]",72.63,1.49,71.21,2.14
de,en,stanza,rgat,xlmr-base,"[98105, 15232, 15123]",76.13,1.47,74.18,2.67
de,en,trankit,rgcn,xlmr-base,"[15123, 11737, 98105]",74.06,1.05,71.81,3.46
de,en,trankit,rgat,xlmr-base,"[11737, 15232, 15123]",74.99,0.5,73.68,1.71
de,en,None,None,xlmr-base,"[15123, 98105, 98109]",74.96,1.48,73.27,2.59
de,es,stanza,rgcn,mbert-base,"[98105, 11737, 15123]",80.45,0.73,79.1,1.79
de,es,stanza,rgat,mbert-base,"[11737, 15232, 15123]",81.26,1.08,80.3,1.51
de,es,trankit,rgcn,mbert-base,"[15232, 98109, 11737]",80.59,1.4,79.85,1.48
de,es,trankit,rgat,mbert-base,"[98105, 11737, 15123]",79.18,0.08,78.76,0.57
de,es,None,None,mbert-base,"[98105, 98109, 15123]",80.02,0.43,79.39,0.89
de,es,stanza,rgcn,xlmr-base,"[15123, 98109, 15232]",73.41,2.1,71.65,2.97
de,es,stanza,rgat,xlmr-base,"[98105, 15123, 15232]",73.55,0.25,72.05,1.94
de,es,trankit,rgcn,xlmr-base,"[11737, 15232, 15123]",72.81,0.85,70.45,3.85
de,es,trankit,rgat,xlmr-base,"[15232, 11737, 15123]",73.21,1.64,72.0,1.96
de,es,None,None,xlmr-base,"[98109, 98105, 11737]",72.45,0.94,70.88,2.35
de,fr,stanza,rgcn,mbert-base,"[98105, 15123, 98109]",76.72,0.32,75.97,1.0
de,fr,stanza,rgat,mbert-base,"[11737, 98105, 15232]",78.12,1.36,77.15,1.59
de,fr,trankit,rgcn,mbert-base,"[15123, 98109, 98105]",77.85,0.33,77.1,0.97
de,fr,trankit,rgat,mbert-base,"[98109, 98105, 15123]",77.75,0.58,77.43,0.6
de,fr,None,None,mbert-base,"[15232, 11737, 98105]",78.26,0.12,77.54,0.9
de,fr,stanza,rgcn,xlmr-base,"[15232, 98109, 98105]",70.85,1.87,69.65,2.07
de,fr,stanza,rgat,xlmr-base,"[15232, 98105, 15123]",71.5,1.35,69.99,2.36
de,fr,trankit,rgcn,xlmr-base,"[15123, 11737, 15232]",69.6,1.75,67.67,2.87
de,fr,trankit,rgat,xlmr-base,"[11737, 15232, 98109]",70.28,1.29,69.4,1.48
de,fr,None,None,xlmr-base,"[98105, 15232, 11737]",69.32,1.3,68.31,1.63
de,it,stanza,rgcn,mbert-base,"[98105, 15123, 11737]",75.81,0.8,73.66,2.78
de,it,stanza,rgat,mbert-base,"[11737, 98109, 15232]",76.57,2.65,75.37,2.54
de,it,trankit,rgcn,mbert-base,"[98109, 98105, 11737]",75.07,0.4,73.92,1.46
de,it,trankit,rgat,mbert-base,"[11737, 98109, 15123]",77.39,0.55,76.34,1.36
de,it,None,None,mbert-base,"[15123, 11737, 98109]",76.13,1.54,74.83,2.17
de,it,stanza,rgcn,xlmr-base,"[98105, 11737, 15232]",65.18,0.49,64.13,1.37
de,it,stanza,rgat,xlmr-base,"[15232, 15123, 98105]",68.98,2.76,65.34,5.1
de,it,trankit,rgcn,xlmr-base,"[15123, 11737, 98105]",63.64,2.32,61.72,3.0
de,it,trankit,rgat,xlmr-base,"[11737, 15232, 15123]",64.87,1.02,62.8,2.91
de,it,None,None,xlmr-base,"[98105, 15232, 11737]",64.1,0.29,62.87,1.69
de,de,stanza,rgcn,mbert-base,"[11737, 98109, 15123]",80.0,0.88,79.11,1.3
de,de,stanza,rgat,mbert-base,"[11737, 98109, 15123]",80.52,0.61,79.23,1.87
de,de,trankit,rgcn,mbert-base,"[15232, 11737, 98109]",79.75,0.9,78.56,1.88
de,de,trankit,rgat,mbert-base,"[98109, 15232, 98105]",78.88,0.75,78.36,0.87
de,de,None,None,mbert-base,"[98109, 15232, 98105]",78.74,0.34,78.35,0.58
de,de,stanza,rgcn,xlmr-base,"[15232, 15123, 98109]",75.67,1.51,73.19,3.26
de,de,stanza,rgat,xlmr-base,"[15123, 98105, 98109]",76.24,1.1,75.03,1.71
de,de,trankit,rgcn,xlmr-base,"[11737, 15232, 15123]",73.91,2.57,72.58,2.66
de,de,trankit,rgat,xlmr-base,"[11737, 15123, 15232]",75.9,0.15,74.59,1.66
de,de,None,None,xlmr-base,"[98105, 98109, 15123]",75.25,0.58,74.43,1.21
de,ar,stanza,rgcn,mbert-base,"[98109, 15123, 15232]",74.22,0.77,73.44,1.28
de,ar,stanza,rgat,mbert-base,"[11737, 98105, 15123]",74.58,0.53,72.86,2.16
de,ar,trankit,rgcn,mbert-base,"[11737, 15123, 15232]",73.31,1.01,72.2,1.63
de,ar,trankit,rgat,mbert-base,"[15123, 11737, 98109]",73.67,0.03,72.89,0.97
de,ar,None,None,mbert-base,"[11737, 98109, 15123]",75.84,1.89,74.41,2.3
de,ar,stanza,rgcn,xlmr-base,"[15232, 98105, 11737]",60.55,0.82,59.3,1.74
de,ar,stanza,rgat,xlmr-base,"[15232, 15123, 98109]",64.05,1.56,62.24,2.76
de,ar,trankit,rgcn,xlmr-base,"[15123, 15232, 11737]",63.45,1.01,61.13,2.97
de,ar,trankit,rgat,xlmr-base,"[15232, 98109, 11737]",63.68,0.46,62.58,1.4
de,ar,None,None,xlmr-base,"[98105, 15232, 15123]",60.82,0.67,59.54,1.78
de,zh,stanza,rgcn,mbert-base,"[15123, 98109, 15232]",70.02,1.88,68.08,2.79
de,zh,stanza,rgat,mbert-base,"[15123, 11737, 98105]",71.67,0.62,68.85,3.53
de,zh,trankit,rgcn,mbert-base,"[11737, 15232, 98109]",70.07,0.12,69.33,0.92
de,zh,trankit,rgat,mbert-base,"[11737, 98109, 98105]",70.63,0.85,69.42,1.73
de,zh,None,None,mbert-base,"[98109, 11737, 15123]",71.61,1.2,69.83,2.92
de,zh,stanza,rgcn,xlmr-base,"[15123, 15232, 98105]",66.02,1.93,62.92,4.09
de,zh,stanza,rgat,xlmr-base,"[98109, 15232, 98105]",65.8,1.69,64.1,2.57
de,zh,trankit,rgcn,xlmr-base,"[15123, 15232, 98105]",64.48,1.87,61.16,4.89
de,zh,trankit,rgat,xlmr-base,"[15232, 11737, 15123]",64.43,3.5,62.76,3.49
de,zh,None,None,xlmr-base,"[11737, 98105, 15123]",64.0,1.22,62.52,2.25
